NameSet,Surname,GivenName
French,Tachel,Grégoire
French,Marcheterre,Alexis
French,Bourdette,Tempeste
French,St-Jean,Javier
French,DeGrasse,Hilaire
French,Huard,Melusina
French,Audibert,Quennel
French,Babin,Marsilius
French,Lalonde,Lance
French,Laliberté,Tabor
French,L'Heureux,Percy
French,Bonenfant,Amorette
French,Pouchard,Etoile
French,Cantin,Courtland
French,Foucault,Virginie
French,Goddu,Jeoffroi
French,Plante,Yolette
French,Chabot,Victor
French,Reault,Francis
French,Lizotte,Fusberta
French,Covillon,Loring
French,Martin,Roxanne
French,Gingras,Vallis
French,Caouette,Talon
French,Tachel,Marcel
French,Lamy,Philip
French,Laramée,Robinette
French,Lamy,Bruno
French,Goguen,Arnou
French,Dubois,Perrin
French,Clavette,Mason
French,Lamy,Nadine
French,Beaujolie,Caroline
French,Larivière,Alaine
French,Migneault,Jesper
French,Gosselin,Gaston
French,Berthelette,Phillipa
French,"Des Meaux",Pascal
French,Méthot,Louise
French,Laisné,Bartlett
French,Lespérance,Lotye
French,Varieur,Mason
French,Lamy,Pansy
French,Girard,Porter
French,Laforge,Brigliador
French,Boivin,Iven
French,Fecteau,Comforte
French,Labossière,Soren
French,Laurent,Mercer
French,Fongemie,Brigitte
French,Daigle,Medoro
French,Guimond,Leverett
French,Laurent,Fiacre
French,Dubeau,Odette
French,Quenneville,Paulette
French,Gaillou,Maurice
French,Marois,Diane
French,Beaulé,Telford
French,Garcia,Raoul
French,Lagrange,Mallory
French,Turcotte,Faye
French,Labonté,Sébastien
French,Duplanty,Pénélope
French,Compagnon,Valiant
French,Berger,Caroline
French,Jetté,Clovis
French,Bourget,Turner
French,Fongemie,Germain
French,Vadeboncoeur,Gill
French,Gougeon,Germaine
French,Gregoire,Flordelis
French,Perillard,Clementine
French,Aucoin,Adrien
French,Primeau,Sylvie
French,Pellerin,Dominique
French,Lebel,Jeanette
French,Goulet,Latimer
French,"De La Vergne",Clothilde
French,Lauzier,Arthur
French,Monjeau,Halette
French,Ruais,Christien
French,Savard,Joy
French,Chrétien,Julie
French,Loiseau,Aubrette
French,Course,Antoine
French,Demers,Brice
French,Bondy,Perrin
French,Chrétien,Eglantine
French,Brisette,Guy
French,Norbert,Telford
French,Vallée,Jessamine
French,Duranseau,Donatien
French,Labrie,Catherine
French,Lachance,Delmar
French,Caisse,Bradamate
French,Aubé,Michel
French,Desaulniers,Jessamine
French,"De La Ronde",Dominique
French,Bilodeau,Solaine
French,Lanoie,Vail
French,Loiseau,Babette
French,Pouchard,Olympia
French,Trudeau,Céline
French,Ruel,Lundy
French,Guernon,Guillaume
French,Echeverri,René
French,Courtois,Inès
French,Daoust,Didiane
French,Tollmache,Avice
French,Fontaine,Desire
French,Coulombe,Agrican
French,Sevier,Leal
French,Gosselin,Merlin
French,Plouffe,Henriette
French,Corbin,Alexis
French,Vachon,Charlotte
French,Ruel,Wyatt
French,Larocque,Frédérique
French,Gamache,Galatee
French,Foucault,Christian
French,Lang,Paien
French,Duclos,Clothilde
French,Quiron,Merle
French,Brousse,Turner
French,Bizier,Karlotta
French,Dumoulin,Aleron
French,Forest,Marlon
French,Verreau,Sumner
French,"de Launay",Satordi
French,Laberge,Arnaud
French,Caisse,Lucas
French,Brisette,Albracca
French,Ailleboust,Aurore
French,Soucy,Marmion
French,Cressac,Donat
French,Masson,Eloise
French,Huppé,Chappell
French,Beaudoin,Leala
French,Lagacé,Annot
French,Senneville,Aubert
French,Marseau,Arber
French,Bazinet,Fantina
French,Truchon,Simone
French,Hétu,Clarice
French,Gagné,Donatien
French,Lespérance,Marveille
French,Racicot,Émilie
French,Paré,Juliette
French,Thivierge,Millicent
French,Begin,Pomeroy
French,Roux,Loyal
French,Ricard,Avent
French,Lalonde,Ranger
French,Perrault,Francis
French,Beaudry,Belda
French,Caron,Marveille
French,Lereau,Solaine
French,Forest,Christian
French,Daigle,Roger
French,Routhier,Oliver
French,Durepos,Alaine
French,Lereau,Fauna
French,Bonnet,Gradasso
French,Beauchamp,Éléonore
French,Jomphe,Nanna
French,Monrency,Pansy
French,Patenaude,Peverell
French,Petit,Vincent
French,Alexandre,Marie
French,Bernard,"La Roux"
French,Bonsaint,Dorothée
French,Guernon,Felicienne
French,Vaillancourt,Matilda
French,Doyon,Saber
French,Patry,Ninette
French,Roussel,Tempeste
French,Paiement,Percy
French,Pitre,Hamilton
French,Gauthier,Huon
French,Lazure,Corinne
French,Robitaille,Vivienne
French,Brodeur,Camille
French,Sciverit,Cheney
French,Girard,Mandel
French,Paquette,Francis
French,Pelchat,Lorraine
French,Sirois,Pomeroy
French,Garcia,Calandre
French,Beauchesne,Caroline
French,Patenaude,Sibyla
French,Auberjonois,Nathalie
French,Descoteaux,Merci
French,Brunault,Astrid
French,Reault,Fantina
French,Paiement,Maslin
French,Echeverri,Trinette
French,Thivierge,Bertrand
French,LaCaille,Hilaire
French,Chauvet,Creissant
French,Quiron,Fealty
French,Grenier,Hamilton
French,Franchet,Hedvige
French,Pelchat,Beaufort
French,Brodeur,Jeanne
French,Lagacé,Hedvige
French,Poisson,Constance
French,Piedalue,Peverell
French,Phaneuf,Marcel
French,Latourelle,Landers
French,Lapointe,Sibyla
French,Bérubé,Lowell
French,Chesnay,Robert
French,Bonenfant,Philip
French,Jalbert,Ferragus
French,Deslauriers,Solaine
French,Bordeleau,Pansy
French,Corbin,Gérard
French,Doyon,Courtland
French,Gladu,Morgana
French,Bienvenue,Parfait
French,Lamour,Maureen
French,Lapointe,Somerville
French,Bazin,Fitz
French,Lachance,Flordelis
French,Lampron,Burnell
French,Gaudreau,Blanchefle
French,Savard,Fealty
French,Cuillerier,Donat
French,Boisclair,Crescent
French,Charlebois,Fiacre
French,Provencher,Serge
French,D'Aubigné,Lorraine
French,Montminy,Raison
French,Bonneville,Talbot
French,Trudeau,Pauline
French,Courcelle,Louise
French,Laisné,Guillaume
French,Charette,Aloin
French,Brisette,Flordelis
French,Roy,Satordi
French,Guernon,Sennet
French,Chaussée,Henry
French,Deserres,Patience
French,Simard,Delmare
French,Pelland,Karel
French,Grandbois,Harcourt
French,Adler,Cendrillon
French,Chaloux,Laure
French,Grivois,Aimée
French,Brasseur,Sabine
French,Francoeur,Verney
French,Bélair,Onfroi
French,Chatigny,Alexandre
French,Brunelle,Cloridan
French,Monty,Bevis
French,Dumont,Marthe
French,Lepage,David
French,Létourneau,Victor
French,Ruel,Adrienne
French,St-Jean,Jules
French,St-Jean,Albertine
French,Boulé,Aubrette
French,Perreault,Hélène
French,Boisclair,Pénélope
French,Authier,Geneviève
French,Doucet,Sacripant
French,Lespérance,Cinderella
French,Courtois,Huon
French,Clavet,Marie
French,D'Avis,Amabella
French,Rocher,Brigitte
French,"Du Trieux",Rabican
French,Gingras,Olivier
French,Quinn,Agathe
French,Bélanger,Voleta
French,Aubin,Hugues
French,Dupuis,Ruby
French,Bisaillon,Élise
French,"de Chateaub",Marshall
French,Lamour,Afrodille
French,Marceau,Charles
French,Labossière,Lorraine
French,Majory,Angelette
French,Souplet,Adrien
French,Vachon,Eleanor
French,Echeverri,Favor
French,Couture,Prewitt
French,Batard,Zdenek
French,Rocheleau,Roch
French,Lachance,Matilda
French,Bédard,Brigitte
French,Édouard,Rive
French,Lebel,Joséphine
French,Mailloux,Camille
French,Franchet,Scoville
French,Chnadonnet,Danielle
French,Ruest,Isaac
French,Vallée,Martin
French,Corbin,Luce
French,Mainville,Auguste
French,Gladu,Alexandrie
French,Dubé,Vachel
French,Marceau,Théodore
French,Metivier,Auguste
French,Pomerleau,Allyriane
French,Babin,Christelle
French,Lejeune,Burkett
French,Josseaume,Tyson
French,Jodion,Maslin
French,Demers,Hugh
French,Doucet,Ila
French,Langlois,Dominic
French,Chabot,Lucas
French,Despins,Catherine
French,Richer,Corette
French,Gousse,Marine
French,Labelle,Tristan
French,Parent,Turner
French,Paimboeuf,Hugh
French,LaGrande,Gifford
French,Marleau,Jolie
French,Quirion,Arthur
French,Duhamel,Brigliador
French,Huard,Ruby
French,Émond,Olivie
French,Beaupré,Senior
French,Charest,Geoffrey
French,Reault,Vail
French,Massé,Cosette
French,Gauthier,Dominique
French,Bélanger,Mireille
French,Beaudry,Oriel
French,Bourassa,Onfroi
French,Fréchette,Manon
French,Bienvenue,Stéphanie
French,Cailot,Ray
French,Pomerleau,Campbell
French,Fecteau,Legget
French,Savoie,Joy
French,Chenard,Gill
French,Tachel,Vachel
French,Beaupré,Aloin
French,Grignon,Emmanuel
French,Hébert,Perrin
French,Binet,Zurie
French,Brault,René
French,Lafrenière,Fiacre
French,Plaisance,Daniel
French,Bienvenue,Rule
French,Faure,Normand
French,Chnadonnet,Agnès
French,Sorel,Yseult
French,Josseaume,Saber
French,Couturier,Margaux
French,Abril,Harcourt
French,Rivard,Leone
French,Patry,Hugues
French,Veilleux,Orson
French,Lereau,Noémi
French,Savard,Gauthier
French,Lachapelle,Gill
French,Raymond,Odette
French,Étoile,Landers
French,Beaudoin,Mandel
French,Brousseau,Allyriane
French,Jardine,Martine
French,Doiron,Dorothée
French,Melanson,Delmare
French,Benoit,Pierrette
French,Daviau,Brie
French,Bienvenue,Bernard
French,Rancourt,Caroline
French,Rodrigue,Senior
French,Daigneault,Favor
French,Blanchard,Babette
French,Desnoyers,Eugène
French,Poulin,Georgette
French,Busque,Rule
French,Lejeune,Fabrice
French,Dupont,Arianne
French,Langlois,Pansy
French,Robillard,Ferragus
French,Mailhot,Élisabeth
French,Pitre,Ogier
French,Déziel,Octave
French,Pépin,Guillaume
French,Lebrun,Guy
French,Vaillancourt,Anastasie
French,Plaisance,Delit
French,Desroches,Noël
French,Gladu,Melusina
French,Roussel,Honoré
French,Charbonneau,Lucas
French,Simon,Arber
French,Bériault,Agate
French,Marcil,Brigitte
French,Leroux,Melville
French,Charbonneau,D'Arcy
French,Fugère,Vivienne
French,Turcotte,Quincy
French,Gagnon,Millicent
French,Berthiaume,Heloise
French,Déziel,Nicholas
French,Duclos,Frontino
French,Artois,Avelaine
French,Charbonneau,Xavier
French,Huot,Ferragus
French,Chauvin,Nanna
French,Artois,Didier
French,Godin,Blanche
French,Grignon,Josephe
French,Villeneuve,Valiant
French,Durepos,Pauline
French,Lebel,Brigliador
French,Lemieux,Beaufort
French,Chnadonnet,Laurene
French,Margand,Pierrette
French,Dupéré,Fleur
French,Doucet,Joséphine
French,CinqMars,Christophe
French,St-Pierre,Yolande
French,Brasseur,Varden
French,Larivière,Millicent
French,Laboissonnière,Delphine
French,Fournier,Kerman
French,Grenier,Huon
French,Mireault,Roch
French,Léveillé,Bartlett
French,Trépanier,Margaux
French,Lécuyer,Toussaint
French,Lamoureux,Toussaint
French,Duclos,Methena
French,Racicot,Simone
French,Déziel,Afrodille
French,Rodrigue,Amber
French,Jetté,Arianne
French,Beauchesne,Romain
French,Bazin,Warrane
French,Devoe,Neville
French,Dupuy,Coralie
French,Marois,Jacques
French,Gaulin,Harcourt
French,Routhier,Romain
French,Trépanier,Anouk
French,Caron,Gauthier
French,Bisaillon,Diane
French,Cuillerier,Bernard
French,Gregoire,Jeoffroi
French,Jolicoeur,Joseph
French,Guérette,Merle
French,Massé,Olivie
French,Fluet,Marlon
French,Lamy,Annot
French,Echeverri,Marcelle
French,Cliche,Latimer
French,Barrière,Claudette
French,Faubert,Burnell
French,Lebel,Faustin
French,Francoeur,Pensee
French,Dumoulin,Curtis
French,L'Anglais,Galatee
French,Quenneville,Carole
French,Saindon,Babette
French,Arpin,Roland
French,Guédry,Dixie
French,Faure,Perrin
French,Guimond,Zdenek
French,Godin,Octave
French,Guérette,Robert
French,Casgrain,Bartlett
French,Allaire,Magnolia
French,Ruais,Auda
French,Aubin,Legget
French,Sansouci,Seymour
French,Bienvenue,Burnell
French,Chaussée,Diane
French,Racine,Germain
French,Rousseau,Orlene
French,Simon,Pensee
French,Gagnon,André
French,Lambert,Mirabelle
French,Henrichon,Sébastien
French,Cormier,Vincent
French,Ratté,Toussaint
French,Deblois,Émile
French,Legault,Lundy
French,Giguère,Paul
French,Lesage,Benoît
French,Labrosse,Slainie
French,Busson,Albracca
French,Marier,Vedette
French,Chauvet,Amarante
French,Poissonnier,Nicholas
French,Longpré,Hamilton
French,Batard,Zdenek
French,Parenteau,Harcourt
French,Bousquet,Geneviève
French,Majory,Vachel
French,Margand,Marsilius
French,Desjardins,Pomeroy
French,Desrosiers,Jacquenett
French,Reault,Martine
French,Patry,Ancelina
French,Bédard,Alain
French,Pichette,Eloise
French,Garreau,Guerin
French,Houde,Fiacre
French,Grondin,Namo
French,Beaudry,Vachel
French,Goddu,Pinabel
French,Guay,Satordi
French,Aucoin,Aubine
French,Dufresne,Corinne
French,Garceau,Christelle
French,Huot,Adorlee
French,Guibord,Paul
French,Gagné,Rosemarie
French,Beauchesne,Dominique
French,Poisson,Patricia
French,Daigneault,Millicent
French,Gaillard,Charlot
French,Panetier,Brigliador
French,Bazin,Thiery
French,Jodoin,Fletcher
French,Perreault,Noémi
French,Vertefeuille,Norris
French,Guernon,William
French,Coupart,Bellamy
French,Bureau,Adrienne
French,Laboissonnière,Jean
French,Bois,Melusina
French,Deblois,Anne
French,Doucet,Aubine
French,Jodion,Azura
French,Doucet,Serge
French,Daigle,Soren
French,Lejeune,Vallis
French,Hughes,Albracca
French,Guilmette,Elita
French,Boisclair,Adrien
French,Caouette,Pierre
French,Frappier,Ignace
French,Marquis,Arnaud
French,Gabriaux,Orville
French,Mailloux,Creissant
French,Marcoux,Durandana
French,Bouchard,Pénélope
French,Caisse,Wyatt
French,Blais,Benoît
French,Paquette,Agrican
French,Aucoin,Guillaume
French,Monrency,Belda
French,Jetté,Léon
French,Dumoulin,Nicolette
French,Paquette,Jolie
French,Leblanc,Nicolette
French,Caya,Rachelle
French,Chalut,Fleurette
French,Carignan,Hilaire
French,Paquette,Davet
French,Lamy,David
French,Brisebois,Verrill
French,Beauchamps,Thierry
French,Vertefeuille,Gaspar
French,Marcheterre,Oliver
French,Bérubé,Vachel
French,Béland,Sennet
French,Lafontaine,Marthe
French,Laforest,Varden
French,Bolduc,Édith
French,Garnier,Gill
French,Lesage,Sumner
French,Croquetaigne,Belle
French,Course,Paulette
French,Varieur,Valentine
French,Robillard,Morgana
French,Riel,Michèle
French,Dandonneau,Peverell
French,Avare,Delmar
French,Édouard,Bruno
French,Gabriaux,Agate
French,Desroches,Maurice
French,Lajeunesse,Charline
French,Berger,Cloridan
French,Pelletier,Yolette
French,Brousse,Yves
French,Croteau,Onfroi
French,Desnoyer,Saville
French,Brisebois,Huon
French,Barrette,Donatien
French,Carignan,Bartlett
French,Lavoie,Patricia
French,Létourneau,Talon
French,Marchesseault,Henri
French,Desjardins,Pryor
French,Lalonde,Agathe
French,Thibault,Delmar
French,Boisvert,Émile
French,Coupart,Valérie
French,Grandpré,Musette
French,Jacques,Desire
French,Routhier,Hamilton
French,Richard,Pansy
French,Courcelle,Fifine
French,Ruest,Aubrette
French,Langlais,Germain
French,Sansouci,Marine
French,Sciverit,Audric
French,Lereau,Florismart
French,Lavoie,Germaine
French,Ferland,Madeleine
French,Salmons,Éléonore
French,Lepage,Adorlee
French,DuLin,Ignace
French,Laux,Marine
French,Martel,Océane
French,Busque,Raison
French,Laurent,Guillaume
French,Sabourin,Ansel
French,Fongemie,Anaïs
French,Vertefeuille,Danielle
French,Rocheleau,Fusberta
French,Bonenfant,Belle
French,"Des Meaux",William
French,Bolduc,Desire
French,Landry,Yseult
French,Lejeune,Vignette
French,Lafontaine,Saber
French,Cousteau,Telford
French,Douffet,Merle
French,Cyr,Barry
French,Marseau,Françoise
French,Brault,Albracca
French,Quiron,Antoinette
French,Leroy,Jewel
French,Goddu,Zerbino
French,Lajoie,Saville
French,Vaillancourt,Flordelis
French,Thibault,Heloise
French,Brousseau,Gemma
French,Dufresne,Louise
French,Lefèbvre,Fitz
French,Rousseau,Tabor
French,Lagueux,Cloridan
French,Vernadeau,Cheney
French,CinqMars,Aubrey
French,Parizeau,Karel
French,Louineaux,Tanguy
French,Devoe,Verney
French,Quirion,Chandler
French,Chesnay,Ray
French,Boisvert,Bertrand
French,Laframboise,Jules
French,Deslauriers,Somer
French,Paiement,Arianne
French,Vernadeau,Heloise
French,Laprise,Jeannine
French,Chartier,Montague
French,Leblanc,Alphonsine
French,Audet,Faustin
French,Vernadeau,Bradamate
French,Petit,Montague
French,Fortin,Madeleine
French,Bureau,Caroline
French,Forest,Zara
French,Séguin,Anton
French,Berthiaume,Arienne
French,Brunault,Éric
French,Veilleux,Joséphine
French,Jalbert,Alfred
French,Poisson,Clarimunda
French,Gendron,Antoine
French,Beaudry,Robinette
French,Martel,Agate
French,Thivierge,Toussaint
French,Labbé,Olivier
French,Leclerc,Ancelina
French,Parrot,Bertrand
French,Laprise,Morgana
French,Montminy,Avent
French,Bazinet,Isaac
French,Poirier,Demi
French,Bernard,Monique
French,LaGarde,Rabican
French,"de Launay",Lothair
French,Lamarre,Thomas
French,Vaillancourt,Annot
French,Moreau,Christabel
French,Babin,Avenall
French,Mainville,Joséphine
French,Hétu,Marc
French,Charlebois,Geneviève
French,Migneault,Philippe
French,Achin,Jolie
French,Gareau,Neville
French,Paulet,Matilda
French,Corbeil,Martine
French,Larocque,Calandre
French,Austin,Azura
French,Roy,Thierry
French,Joly,Anton
French,Grenier,Leverett
French,Labonté,Philippine
French,Huppé,Denise
French,Joly,Bruno
French,LaGrande,Caresse
French,Charette,Romain
French,Parent,Charlot
French,Brochu,Zacharie
French,DuLin,Christian
French,Lazure,Margaux
French,Paulet,Granville
French,Boucher,René
French,Joly,Harriette
French,Lizotte,Auriville
French,Lapierre,Aubert
French,Brault,Harcourt
French,Étoile,Pierrette
French,Vincent,Slainie
French,Lamontagne,Cheney
French,Clavet,Seymour
French,Chalut,Élodie
French,Courtois,Lowell
French,Fournier,Jeanette
French,Marquis,Gaetane
French,Lanteigne,Lucille
French,Landry,Orane
French,Lagueux,Lorraine
French,Garcia,Dominique
French,Sirois,Laverne
French,Vallée,Arnaud
French,Laliberté,Avice
French,Hervieux,Voleta
French,LaGrande,Gallia
French,Charest,Karel
French,Lajeunesse,Alaine
French,Talon,Clovis
French,Perreault,Alexandrie
French,Bordeleau,Archaimbau
French,Artois,Adrienne
French,Crête,Jay
French,Panetier,Flordelis
French,Pomerleau,Avent
French,Paimboeuf,Julien
French,Salmons,Mercer
French,Nadeau,Élodie
French,Théberge,Wyatt
French,Rossignol,Jules
French,Boisclair,Troy
French,Lejeune,Fanchon
French,"de Chateaub",Pascal
French,Daviau,Burkett
French,Binet,Alaine
French,Gauvin,Étienne
French,Dupuy,Cécile
French,Patenaude,Laverne
French,Berger,Renée
French,Blanchard,Cinderella
French,Vaillancourt,Florus
French,Pitre,Verney
French,Daigneault,Rive
French,Duval,Travers
French,Busson,Mariette
French,Gadbois,Honoré
French,Clément,Arridano
French,Jardine,Didiane
French,Houde,Chapin
French,Devoe,Jeanette
French,L'Hiver,Dominic
French,Boucher,Carine
French,Leclair,Robert
French,Dufour,Tanguy
French,Jalbert,Victoire
French,Compagnon,Laurent
French,Couture,Lowell
French,Marcheterre,Brice
French,Garcia,Élisabeth
French,Galarneau,Léon
French,Daigle,Joanna
French,Begin,Ancelote
French,Pouliotte,Louise
French,Chevrette,Honoré
French,Huot,Nicholas
French,Chesnay,Mavise
French,Laboissonnière,Harriette
French,Senneville,Fayette
French,Brault,Annette
French,Galarneau,Porter
French,Migneault,Monique
French,Bouvier,Calandre
French,Sciverit,Rémy
French,Giguère,Julien
French,Laisné,Alphonsine
French,Gabriaux,Édith
French,Brault,Aubrey
French,Duplanty,Mercer
French,Chesnay,Serge
French,Monjeau,Malagigi
French,Audet,Gaetan
French,Berger,Lyle
French,Grivois,Vick
French,Gendron,Mandel
French,Raymond,Granville
French,L'Anglais,Stéphane
French,Courtemanche,Clarimunda
French,Pichette,Soren
French,Tisserand,Jean
French,Longpré,Auguste
French,Pinneau,Clarimunda
French,Rivard,Michel
French,Tremblay,Merlin
French,Bolduc,Thierry
French,Vallée,Denis
French,Godin,Iva
French,Clavet,Talbot
French,Leblanc,Yvon
French,Forest,Hugues
French,Bourassa,Franck
French,Hachée,Archaimbau
French,Cinq-Mars,Fauna
French,Bureau,Alice
French,Hétu,Rosamonde
French,Bertrand,Belle
French,Lajoie,Sophie
French,Bisson,Agathe
French,Boisclair,Joséphine
French,Poulin,Garland
French,Morneau,Seymour
French,Benjamin,Florus
French,Saindon,Brice
French,Bourgouin,Adrienne
French,DeGrasse,Maryse
French,Chnadonnet,Nicolette
French,Ratté,Astolpho
French,Gousse,Tristan
French,Boulanger,Marie
French,Gregoire,Aubert
French,Martineau,Isaac
French,Giguère,Thibaut
French,Flamand,Mallory
French,Dastous,Estelle
French,Dufour,Satordi
French,Salmons,Julienne
French,Belisle,Bartlett
French,Bler,Dreux
French,Perrault,Burrell
French,Berthiaume,Jeanne
French,Garceau,Grégoire
French,Fecteau,Rosamonde
French,Desaulniers,Eugène
French,Laisné,Pierrette
French,Bourdette,Agramant
French,Allain,Richard
French,Jodion,Saville
French,Chauvet,Clementine
French,Brisebois,Aurélie
French,Maheu,Raymond
French,Guilmette,Karlotta
French,Sanschagrin,Prunella
French,Baron,Lucas
French,Morneau,Ancelina
French,Audibert,Royce
French,Marceau,Jeanne
French,Bisson,Lotye
French,Pirouet,Burkett
French,Lamothe,Orane
French,Pariseau,Aurélie
French,Courcelle,Estelle
French,Trudeau,Apolline
French,Duranseau,Liane
French,Paquet,Donat
French,Bizier,Arthur
French,Pariseau,Viollette
French,Garreau,Leala
French,Verreau,Aiglentina
French,Cadieux,Bernard
French,Lauzier,Cerise
French,Garreau,Amarante
French,Trottier,Clarice
French,Émond,Vivienne
French,Aubin,Annot
French,Deniger,Victor
French,Gamelin,Alphonsine
French,Boncoeur,Logistilla
French,Boucher,Nanna
French,Charlebois,Bernard
French,Guimond,Satordi
French,Joly,Odo
French,Dupont,Baptiste
French,Parmentier,Hardouin
French,Fongemie,Avenall
French,Grandbois,Marsilius
French,Vertefeuille,Maureen
French,Pomerleau,Alaine
French,Boivin,Sacripant
French,Deblois,Edmee
French,Benjamin,Charles
French,Dubois,Chapin
French,Dastous,Minette
French,Gaulin,Verney
French,Lachapelle,Agathe
French,Huard,Daisi
French,Archambault,Juliette
French,Chevrette,Davet
French,Louineaux,Blondelle
French,Gougeon,Burkett
French,Deblois,Gérard
French,Echeverri,Nicolette
French,Cuillerier,Suzette
French,Étoile,Aubrey
French,Vertefeuille,Malagigi
French,Landry,Hugh
French,Desrosiers,Philip
French,Raymond,Mavise
French,DeGrasse,Leala
French,Dubé,Rémy
French,Plouffe,Algernon
French,Gabriaux,Guerin
French,Drouin,Philippe
French,Couture,Hardouin
French,Langlais,Norris
French,Sevier,Nicolas
French,Rossignol,Roland
French,Bourgouin,"La Roux"
French,Bisaillon,Florismart
French,Marseau,Ferragus
French,Cadieux,Parfait
French,Louis,Parfait
French,Racine,Alphonse
French,Pouchard,Paien
French,D'Avis,Annot
French,Veronneau,Cosette
French,Leblanc,Marsilius
French,Therriault,Davet
French,Auclair,Frédéric
French,Lemelin,Trinette
French,Pelland,Iven
French,Francoeur,Leal
French,Bertrand,Maslin
French,Daoust,Quennel
French,Desruisseaux,Gilbert
French,Bernard,Renée
French,Phaneuf,Arnaud
French,Daviau,Etoile
French,Salois,Tristan
French,Lampron,Charline
French,Beaudouin,Jesper
French,Fortier,Peverell
French,Brunelle,Eugène
French,Tardif,Marmion
French,Mazuret,Gilbert
French,Lafond,Normand
French,Briard,Cloridan
French,Berger,Sidney
French,Cotuand,Fiacre
French,Bourget,Minette
French,Daviau,Ophelia
French,Lapointe,Cécile
French,Chauvet,Maurice
French,Bourgouin,Aceline
French,Boncoeur,Norris
French,Pelchat,Gifford
French,Parmentier,Timothée
French,Saucier,Olivie
French,Boncoeur,Burnell
French,Patry,Charlotte
French,Chesnay,Aubin
French,Pouliotte,Guy
French,Morneau,Laurene
French,Dupéré,Millicent
French,Bertrand,Inès
French,Michaud,Emmanuelle
French,"Du Trieux",Soren
French,Bertrand,Sydney
French,Lavoie,Vernon
French,Marier,Forrest
French,Salmons,Clarice
French,Frappier,Julien
French,Vadeboncoeur,Senior
French,Sanschagrin,Verrill
French,Turgeon,Sylvie
French,Chabot,Sydney
French,Lanteigne,Donatien
French,Saucier,Mason
French,Brunault,Ganelon
French,Louis,Angelique
French,Bertrand,Huette
French,Labelle,Millard
French,Mireault,Noémi
French,Bernard,D'Arcy
French,Quessy,Alexis
French,Carignan,Harbin
French,Labrecque,Jeoffroi
French,Petrie,Granville
French,Chouinard,Holly
French,Chauvet,Tearlach
French,Bordeaux,Burkett
French,Poirier,Bertrand
French,Brunault,Melville
French,Cailot,Gradasso
French,Hachée,Jeoffroi
French,Caron,Leroy
French,Goddu,Roland
French,Rocher,Nadine
French,Rochon,Agnès
French,Parizeau,Luc
French,Paquette,Mireille
French,Morel,Audric
French,Chevrette,Blanchefle
French,Mousseau,Zdenek
French,Pariseau,Saville
French,Therriault,Yolette
French,"de Chateaub",Caresse
French,Laberge,Marphisa
French,Coupart,Patrick
French,Pirouet,Sylvie
French,Vernadeau,Brier
French,Charron,Royce
French,Quessy,Aleron
French,Bourque,Ferrau
French,Barrientos,Eglantine
French,Bertrand,Florus
French,Gregoire,Aloin
French,Jalbert,Marsilius
French,Chaussée,Zoé
French,Goguen,Gaston
French,Barrette,Julienne
French,Ferland,Henry
French,St-Pierre,Yves
French,Bonneville,Alexandre
French,Petrie,Agate
French,Bussière,Guillaume
French,Bazinet,Ormazd
French,Doucet,Raoul
French,Savard,Mandel
French,Beaudoin,Vedette
French,Bilodeau,Jacquenett
French,Boucher,Hedvige
French,Laliberté,Gifford
French,Godin,Frédéric
French,Gaillou,Alexis
French,Bernard,Falerina
French,Lanteigne,Constance
French,Brochu,Anastasie
French,Bellefeuille,Rabican
French,Batard,France
French,Paiement,Merle
French,Austin,Alfred
French,Duplessis,Troy
French,Michel,Melusina
French,Marier,Eugène
French,Beauchemin,Bruce
French,Beaudry,Nicholas
French,Montminy,Delphine
French,Laliberté,Damiane
French,Bourgeois,Didier
French,Parent,Martine
French,Binet,Phillipa
French,Authier,Campbell
French,Laurent,Nicholas
French,Montminy,Fortun
French,Bonenfant,Pierpont
French,Bonneville,Ray
French,Dupéré,Onfroi
French,Dupéré,Martin
French,Roy,Émile
French,Clavette,Gaetan
French,Corbin,Fusberta
French,Duffet,Rive
French,Truchon,Pierpont
French,Tessier,Hilaire
French,Racine,Davet
French,Chesnay,Yolette
French,Morneau,Felicienne
French,Langelier,Richard
French,Barrientos,Alaine
French,Lesage,Jewel
French,Bisson,Arno
French,Charette,Javier
French,Étoile,Orane
French,Bédard,D'Arcy
French,Labbé,Favor
French,Breton,Chantal
French,Laforge,Nouel
French,Tisserand,Trinette
French,Covillon,Quincy
French,Tollmache,Garland
French,Tessier,Julien
French,Beauchamps,Jeoffroi
French,Duplanty,Auda
French,Jalbert,Emmanuel
French,Parmentier,Royden
French,Longpré,Artus
French,Noël,Wyatt
French,Couture,Merci
French,Richard,Marine
French,Blanc,France
French,Huot,Solaine
French,Audibert,Soren
French,Cadieux,Jules
French,Marleau,Octave
French,Berie,Émilie
French,Lavallée,Dorene
French,Berger,Davet
French,Laliberté,Madeleine
French,Huppé,Maureen
French,Lebrun,Felicien
French,Thériault,Fifi
French,Chauvet,Wyatt
French,Chenard,Eglantine
French,Beausoleil,Grégoire
French,Dumont,Diane
French,Therriault,Ancelote
French,Marleau,Nathalie
French,Bois,Henriette
French,Léveillé,Jeoffroi
French,Bordeaux,Tempeste
French,Panetier,Burrell
French,Deserres,Élise
French,Givry,Olivier
French,Sciverit,André
French,Tessier,Thierry
French,"De La Vergne",Mallory
French,Bernier,Antoine
French,Trottier,Stéphanie
French,Bossé,Garland
French,Brodeur,Artus
French,Pelland,Olivie
French,Brunelle,Philip
French,Desnoyer,Roslyn
French,Couturier,Thierry
French,Duperré,Mignonette
French,Arcouet,Prewitt
French,Querry,Belda
French,Dupuis,Armand
French,Villeneuve,Charles
French,Lampron,Roch
French,Rivière,Astrid
French,Lacroix,David
French,Monrency,Valiant
French,Langlais,Yolette
French,Vadnais,D'Arcy
French,Pouliotte,Honoré
French,Ouellet,Isabelle
French,Dubois,Melville
French,Mothé,Honoré
French,Begin,Azura
French,Beauchemin,Ferragus
French,Ducharme,Amaury
French,Sauriol,Audric
French,Sarrazin,Verney
French,Senneville,Curtis
French,Monjeau,Huon
French,Desruisseaux,Éléonore
French,Vadnais,Aya
French,Audibert,Linette
French,Devoe,Claudette
French,Villeneuve,Lyle
French,Laframboise,Ranger
French,Bertrand,Cosette
French,Lacombe,Jolie
French,Mercier,Clothilde
French,Caron,Matilda
French,Lanoie,Yvette
French,Charrette,Théodore
French,Boulanger,Annette
French,Deblois,Hamilton
French,Rivard,Ray
French,Dupuis,Bayard
French,Morin,Roland
French,Jardine,Vallis
French,Trottier,Satordi
French,Gervais,Cendrillon
French,Guibord,Grosvenor
French,Allaire,Rive
French,Garcia,Kari
French,Laderoute,Geoffrey
French,Lanoie,Raymond
French,Saucier,Marcel
French,Monty,Felicien
French,Beaujolie,Auriville
French,Aubé,Esperanza
French,David,Hedvige
French,L'Angelier,Charline
French,Bonnet,Agate
French,Legault,Karel
French,Primeau,Kari
French,Sciverit,Patrice
French,David,Frédérique
French,Binet,Raina
French,Croquetaigne,Victor
French,Achin,Alexis
French,Rivière,Eugène
French,Berie,Jules
French,Grondin,Odelette
French,Abril,Azura
French,Narcisse,Baptiste
French,D'Avis,Parfait
French,Clément,Vignette
French,Casgrain,Danielle
French,Bordeleau,Stéphanie
French,Brian,Élodie
French,LaGarde,Barry
French,Tardif,Kerman
French,Leblanc,Laurent
French,Poirier,Coralie
French,Duclos,Théodore
French,Lécuyer,Marshall
French,Rhéaume,Pauline
French,Bolduc,Fauna
French,Bérubé,Céline
French,Boucher,Denise
French,Caouette,Logistilla
French,Chalut,Pierre
French,Bergeron,Oliver
French,Pouchard,Florus
French,Melanson,Annette
French,Bédard,Frontino
French,Patry,Zdenek
French,Bourget,Nicole
French,Guédry,Pierpont
French,Turcotte,Robert
French,Durand,Yolande
French,Lacombe,Arienne
French,Metivier,Royce
French,Beaulac,Georgette
French,Béland,Bartlett
French,Langelier,Bernadette
French,Charpie,Donatien
French,Bérubé,Gay
French,Boutot,Raina
French,Rousseau,Slainie
French,Audibert,Édouard
French,Champagne,Dorene
French,Audibert,Louise
French,Lepage,Ignace
French,Boucher,Didiane
French,Baron,Peverell
French,Labonté,Charlot
French,Bondy,Aurore
French,Bériault,Alacoque
French,Perrault,Frédéric
French,Édouard,Favor
French,Bellefeuille,Etoile
French,Monrency,Perrin
French,Jomphe,Wyatt
French,Senneville,Victoire
French,Gervais,Armand
French,Fortier,Camille
French,Rodrigue,Aya
French,Moquin,Norris
French,Audibert,Eloise
French,Charrette,Zara
French,Bonsaint,Normand
French,Dumoulin,Mason
French,Bourgeau,Aceline
French,Labrosse,Pensee
French,Pépin,William
French,Desnoyer,Ruby
French,Guernon,Marcelle
French,Laux,Ferrau
French,Breton,Nicolas
French,Boileau,Pomeroy
French,Huppé,Manville
French,Charette,Aiglentina
French,Charlebois,Gradasso
French,Beauchemin,Malagigi
French,Durand,Avril
French,Beauchamp,Harbin
French,Allain,Ermengardi
French,Clément,Eustache
French,Potvin,Georgette
French,Gagné,Corinne
French,Chartier,Bernard
French,Panetier,Christiane
French,Michel,Roch
French,Paimboeuf,Carolos
French,Cantin,Céline
French,Arcouet,Vivienne
French,Labonté,Oliver
French,Sauvé,Bevis
French,Barrientos,Christabel
French,Riquier,Joseph
French,Bonnet,Lundy
French,Bouvier,Sacripant
French,Plourde,Dreux
French,Guertin,Marguerite
French,Tessier,Armina
French,Roux,Mireille
French,Daviau,Davet
French,Saindon,Georgette
French,Bolduc,Elita
French,Coudert,Armand
French,Course,Andrée
French,Cressac,Burrell
French,Lachapelle,Joseph
French,Arsenault,Fayette
French,Chassé,Tearlach
French,Caya,Alexandrin
French,"de Brisay",Tearlach
French,Hachée,Fayme
French,Leclerc,Dorene
French,Tollmache,Hardouin
French,Hervé,Liane
French,Mathieu,Carolos
French,Fremont,Eulalie
French,Artois,Orane
French,Louineaux,Édouard
French,Patenaude,Cheney
French,Archambault,Blanchefle
French,Labelle,Loring
French,Fremont,André
French,Cartier,Noël
French,Lanoie,Ila
French,Gadbois,Faustin
French,Lussier,André
French,Berthelette,Pensee
French,Perillard,Yvon
French,Asselin,Barry
French,Bondy,Cher
French,Villeneuve,Colette
French,Monty,Patrick
French,Quenneville,Ferragus
French,Longpré,Vaden
French,Desroches,Slainie
French,Tremblay,Aubine
French,Moïse,Gifford
French,Breton,Anouk
French,Faure,Colette
French,Michaud,Henriette
French,Patry,Timothée
French,St-Jean,Rive
French,Artois,Odo
French,Lejeune,Aceline
French,Guernon,Prewitt
French,Giguère,Norris
French,Côté,Leal
French,Vadeboncoeur,Merlin
French,Poulin,Mignonette
French,Bienvenue,Verney
French,Auger,Turner
French,Paiement,Émile
French,Charlebois,Garland
French,Théberge,Delmare
French,Giguère,Dreux
French,Mothé,Chappell
French,Brunault,Gaetan
French,Perreault,Ray
French,Paimboeuf,Hardouin
French,Pirouet,Carole
French,Beaujolie,Sargent
French,Pirouet,Lance
French,Lacroix,Halette
French,Robitaille,Geoffrey
French,Bouvier,Curtis
French,Morin,Frontino
French,Huppé,Arridano
French,Talon,Agate
French,Paquin,Théophile
French,Chevrette,Claudette
French,Mercier,Perrin
French,Truchon,Orson
French,Lévesque,Maureen
French,Routhier,Ernest
French,Nadeau,Aubrette
French,Giroux,Voleta
French,Blanchard,Odelette
French,Allaire,Xavier
French,Duffet,Millard
French,Bordeaux,Parfait
French,Paiement,Avent
French,Guimond,Cloridan
French,Aubin,Fiacre
French,Lépicier,Charlot
French,Dennis,Blanche
French,Auberjonois,Harcourt
French,Collin,Eloise
French,Tessier,Fayme
French,Bilodeau,Perrin
French,Lavallée,Clovis
French,Brisette,Scoville
French,Allard,Blanchefle
French,Côté,Eloise
French,Chalifour,Joanna
French,Saindon,Marie
French,Lafontaine,Armand
French,Nadeau,Albertine
French,Deschamps,Maslin
French,Vadeboncoeur,Bellamy
French,Guibord,Tearlach
French,Marcheterre,Aimé
French,Langelier,Tempeste
French,Huot,Capucine
French,Pirouet,Warrane
French,Rivard,Astolpho
French,Jomphe,Aubrette
French,Brasseur,Rabican
French,Mouet,Josephe
French,Bonami,Vail
French,"Des Meaux",Toussaint
French,Adler,Matilda
French,Barrette,Travers
French,Casgrain,Allyriane
French,Leclerc,Roger
French,Lafrenière,Raoul
French,Marseau,Aceline
French,Vincent,Jay
French,Tessier,Blondelle
French,Collin,Adorlee
French,Mailloux,Ancelote
French,Durepos,Vaden
French,Paulet,David
French,Blondlot,Eustache
French,Morel,Louis
French,Paquet,Landers
French,Barrette,Iva
French,Veilleux,Marguerite
French,Savoie,Prunella
French,Petrie,Armand
French,Laux,Suzette
French,David,Françoise
French,Masson,Annette
French,Parrot,Cerise
French,Quessy,Brie
French,Racine,Sidney
French,René,Iven
French,Charlesbois,Auriville
French,Proulx,Manon
French,Lanteigne,Robert
French,LaCaille,Curtis
French,Beaulieu,Alacoque
French,Lafontaine,Jacqueline
French,L'Angelier,Victor
French,Racicot,Emmeline
French,DuLin,Xarles
French,Bilodeau,Lucille
French,Parizeau,Angelique
French,Berger,Legget
French,Lavoie,Madelene
French,Duffet,Pensee
French,Cinq-Mars,Daisi
French,Gaillou,Erembourg
French,René,Paul
French,Chouinard,Magnolia
French,Fluet,Gilles
French,Lavoie,Bayard
French,Duperré,Leala
French,Duclos,Thierry
French,Thibodeau,Odette
French,Jalbert,Seymour
French,Lanoie,Denise
French,Marchesseault,Julie
French,Dumont,Cendrillon
French,Descoteaux,Agrican
French,Dumont,Daniel
French,Boucher,Emmanuelle
French,Saucier,Audrey
French,Beauchamps,Sylvie
French,Maheu,Legget
French,Mailhot,Donat
French,Pinette,Bradamate
French,Ruais,Fanette
French,Tétrault,Olivier
French,Lagacé,Cher
French,Salois,Édouard
French,Louis,Honoré
French,Jomphe,Sacripant
French,Mailloux,Odelette
French,Lapointe,Clothilde
French,Bonami,Thiery
French,Drouin,Felicien
French,Chandonnet,Jean
French,Denis,Philip
French,Laramée,Iva
French,Laberge,Dorene
French,L'Anglais,Ancelina
French,Begin,Percy
French,Busson,Ray
French,Fongemie,Bevis
French,Poulin,Manon
French,Ducharme,Germaine
French,Labelle,Rabican
French,Sirois,Huette
French,Patry,Jacqueline
French,Montminy,Clementine
French,René,Christine
French,Fecteau,Byron
French,Ratté,Julienne
French,Pirouet,Azura
French,Huard,Astolpho
French,Dupéré,Millard
French,Couet,Alexandre
French,Brousseau,Brunella
French,Berger,Marcelle
French,"De La Ronde",Loring
French,Duranseau,Sylvie
French,Avare,Calandre
French,Petit,Searlait
French,Bazin,Nicolas
French,Lacombe,Roch
French,Forest,Capucine
French,Étoile,Delit
French,Ferland,Pryor
French,Auger,Dorene
French,Benoit,Prunella
French,Adler,Courtland
French,Legault,Scoville
French,Clavette,Crescent
French,Mercure,Avenall
French,Leroy,Angelique
French,Paiement,Arber
French,Dodier,Fiacre
French,St-Jacques,Brice
French,Lachance,Brunella
French,Girard,Colette
French,Querry,Christien
French,Barrière,Aubrey
French,Goulet,Magnolia
French,Dubeau,Garland
French,Bonnet,Parfait
French,Mousseau,Chantal
French,Fongemie,Pauline
French,Jolicoeur,Archard
French,Chabot,"La Roux"
French,Rancourt,Iven
French,D'Aubigné,Hamilton
French,Labonté,Aubrey
French,Galarneau,Yves
French,Courtemanche,Evrard
French,Blanc,Clémence
French,Beauchesne,Nicole
French,Brousseau,Marie
French,Deschamps,Verney
French,Desaulniers,Alphonse
French,Gousse,Grosvenor
French,Laderoute,Millard
French,Beauchemin,Élisabeth
French,Chalifour,Archaimbau
French,Laurent,Durandana
French,Gingras,Juliette
French,Bonenfant,Eugène
French,Desnoyer,Pensee
French,Laboissonnière,Curtis
French,Durepos,Albertine
French,Camus,André
French,Ratté,Royale
French,Déziel,Stéphane
French,"de Brisay",Artus
French,Veilleux,Arthur
French,Longpré,Joanna
French,Frappier,Paulette
French,Charlebois,Laurence
French,Léveillé,Guy
French,Compagnon,Donatien
French,Trépanier,Mayhew
French,Desruisseaux,Artus
French,Galarneau,Étienne
French,Allain,Eleanor
French,Cyr,Brie
French,Legault,Ignace
French,Coupart,Ganelon
French,Gilbert,Eliot
French,Vaillancour,Alphonsine
French,Devoe,Arianne
French,Ratté,Millard
French,Quessy,Linette
French,Jolicoeur,Beaufort
French,Melanson,Laurene
French,Thibault,Prewitt
French,Masson,Dominic
French,Lalonde,Pauline
French,Pelchat,Delmar
French,Baril,Joseph
French,Boulanger,Ferrau
French,Jacques,Romain
French,"de Brisay",Belle
French,Ratté,Oriel
French,Cressac,Arthur
French,Duhamel,Leala
French,Garcia,Camille
French,Saindon,Aya
French,Labossière,Amorette
French,Jolicoeur,Nanna
French,Leroux,Laure
French,Plourde,Sydney
French,Renaud,Roger
French,Bizier,Pascaline
French,Royer,Merci
French,Jolicoeur,Edmee
French,Perillard,Rosemarie
French,Sanschagrin,Musette
French,Richer,Brie
French,Michel,Roch
French,Boisvert,Mayhew
French,Clavette,Marlon
French,L'Anglais,Favor
French,Caya,Orson
French,Cinq-Mars,Anastasie
French,Roy,Gabrielle
French,Chouinard,Grosvenor
French,Laurent,Germain
French,DuLin,Porter
French,Lamothe,Cher
French,Allaire,Frédérique
French,Corbin,Troy
French,Boncoeur,Ogier
French,Bolduc,Fauna
French,Gagné,Oliver
French,Marier,Delmare
French,Lamour,Babette
French,Lizotte,Henriette
French,Ruais,Cloridan
French,Gosselin,Agathe
French,Benjamin,Burnell
French,Cuillerier,Comforte
French,Chatigny,Roland
French,D'Avis,Auda
French,Migneault,Methena
French,Plourde,Langley
French,Bousquet,Aubrey
French,Huppé,Favor
French,Gougeon,Pinabel
French,Lécuyer,Clovis
French,Cuillerier,Philippe
French,Deniger,Emmanuelle
French,Labelle,Tearlach
French,Bazinet,Joy
French,Charbonneau,Namo
French,Gougeon,Etoile
French,Labbé,Pierre
French,Rivière,Harcourt
French,Édouard,Olympia
French,Breton,René
French,Pichette,Jacqueline
French,LeBatelier,Honore
French,David,Channing
French,Neufville,Burkett
French,Deschênes,Royden
French,Plante,Arienne
French,Charette,Paulette
French,Pelland,Rule
French,Daoust,Audric
French,Douffet,Legget
French,Vadnais,Hortense
French,Leblanc,Liane
French,Deniger,Donat
French,Girard,Pascal
French,Daigneault,Catherine
French,Tétrault,Davet
French,Chartré,Mariette
French,Gagnon,Delphine
French,Galarneau,Roger
French,Desruisseaux,Thiery
French,Boutot,Aiglentina
French,Petit,Arienne
French,Larivière,Fleur
French,Mailloux,Maurelle
French,Lajoie,Jérôme
French,Lizotte,Troy
French,Caron,Aubrey
French,Marleau,Mignonette
French,Narcisse,Ansel
French,Mousseau,Benoît
French,Guibord,Arnaud
French,Fecteau,Agramant
French,Lacroix,Ila
French,Bourque,Agrican
French,Denis,Toussaint
French,Beauchamp,Royce
French,Lamare,Rive
French,Pinette,Julienne
French,Panetier,Marlon
French,Patenaude,Gauthier
French,Fugère,Channing
French,"de Launay",France
French,Garreau,Ernest
French,Barrette,Clémence
French,Cormier,Varden
French,Vaillancourt,Jacquenett
French,Guibord,Adèle
French,Langelier,Felicien
French,Proulx,Joséphine
French,Laisné,Crescent
French,Charrette,Yolette
French,Lanctot,Aubrette
French,Pelchat,Ignace
French,Potvin,Michèle
French,Chauvet,Elita
French,Croteau,Jesper
French,René,Logistilla
French,Hervieux,Odo
French,Coulombe,Nouel
French,Artois,Blanchefle
French,Fresne,Isabelle
French,Ricard,Vedette
French,Fouquet,Maurelle
French,Coupart,William
French,Foucault,Maurelle
French,Busson,Lowell
French,Vernadeau,Marcel
French,Lacombe,Hugues
French,Busque,Lundy
French,Guibord,Fantina
French,Boivin,Thierry
French,Laprise,Oriel
French,L'Hiver,Gérard
French,Bureau,Sargent
French,Étoile,Burnell
French,Girard,Erembourg
French,Henrichon,Manon
French,Douffet,Coralie
French,Poissonnier,Albertine
French,Théberge,Arno
French,Migneault,Noémi
French,Dandonneau,Hamilton
French,Thibodeau,Musette
French,Sarrazin,Lyle
French,Édouard,Orane
French,Lavoie,Daisi
French,Lamoureux,Verrill
French,Dennis,Mireille
French,Bureau,Camille
French,Marcoux,Pryor
French,Courtemanche,Sacripant
French,Beaudouin,Erembourg
French,Lebrun,Talon
French,Barrette,Travers
French,Bériault,Iva
French,LaGrande,Verrill
French,Brochu,Avice
French,Gosselin,Huon
French,Séguin,Cher
French,Lemelin,Victor
French,Turgeon,Anaïs
French,Aucoin,Fanchon
French,Fortier,Florence
French,Jodion,Astrid
French,Brisette,Michèle
French,Paquette,Jewel
French,Cloutier,Astolpho
French,Quessy,Édouard
French,Généreux,Brigliador
French,Dufresne,Warrane
French,Brodeur,Gifford
French,Bordeaux,Julien
French,Joly,Gaetan
French,Dumoulin,Gabriel
French,Ayot,Avice
French,Monty,Leroy
French,Petrie,Archaimbau
French,Cadieux,Lucas
French,Douffet,Vail
French,Bertrand,Harbin
French,Paulet,Laurent
French,Latourelle,Lance
French,Bourgeois,Gaston
French,Berie,Yseult
French,Sorel,Normand
French,Routhier,Colette
French,Chassé,Sidney
French,Charbonneau,Magnolia
French,Chauvin,Coralie
French,Sevier,Yves
French,Thibault,Jacqueline
French,Chaloux,Didier
French,Briard,Pomeroy
French,Séguin,Vincent
French,Roux,Ancelote
French,Bonsaint,Richard
French,Durand,Henry
French,Thériault,Éric
French,Courtemanche,Eugène
French,Mireault,Verrill
French,Rochon,Avelaine
French,Lamoureux,Genevre
French,Rodrigue,Falerina
French,Perreault,Margaux
French,Leroy,Margaux
French,Voisine,Lowell
French,Arpin,Eglantine
French,Dionne,Denis
French,Goguen,Clementine
French,Lamy,Mayhew
French,Archambault,Brie
French,Guilmette,Fayette
French,Bolduc,Thierry
French,Fongemie,Dixie
French,Turgeon,Christien
French,Vadnais,Onfroi
French,Bergeron,Aya
French,Saurel,Roux
French,Margand,Jeannine
French,Deblois,Tabor
French,Levasseur,Fortun
French,Deblois,Clothilde
French,Echeverri,Donat
French,Archambault,Pinabel
French,Brousseau,Jeanette
French,Grandpré,Denis
French,Vadnais,Marsilius
French,Guérette,Eulalie
French,Brunelle,Fabrice
French,Sabourin,Fabienne
French,Lepage,Gallia
French,Sicard,Rosamonde
French,Garceau,Anaïs
French,Grondin,Audric
French,Marois,Saber
French,Maheu,Audrey
French,Marcheterre,Ormazd
French,Deschamps,Grégoire
French,Charron,Madeleine
French,Jacques,Aimée
French,Quinn,Belisarda
French,Dupont,Frédéric
French,Beaudoin,Adrien
French,Pouchard,Arthur
French,Grenier,Robinette
French,Querry,Dominique
French,Lanctot,Mallory
French,Frappier,Jeoffroi
French,Faucher,Bartlett
French,Garcia,Gifford
French,Quessy,Millard
French,Courtois,Felicien
French,Meilleur,Christian
French,Allard,Sabine
French,Marcheterre,Camille
French,Lamour,Vernon
French,Sauriol,Agate
French,Lespérance,Thomas
French,Monrency,Armina
French,Sanschagrin,Grégoire
French,Loiselle,Orva
French,Paimboeuf,Blanchefle
French,Dupont,Sidney
French,Bourgeois,Sibyla
French,Huard,Percy
French,Roux,Joy
French,Champagne,Musette
French,Gamelin,Philip
French,Lebel,Édouard
French,Bélair,Jesper
French,Chandonnet,Jérôme
French,Duffet,Creissant
French,Monjeau,Satordi
French,Chaussée,Aubine
French,Daviau,Viollette
French,Cartier,Prewitt
French,Boncoeur,Prunella
French,Marquis,Gill
French,Crête,Oliver
French,Fremont,Loyal
French,Marier,Vedette
French,Caron,Fanchon
French,Tétrault,Romain
French,Gaillou,Artus
French,Étoile,Forrest
French,Langlois,Amaury
French,DuLin,Elita
French,Quenneville,Evrard
French,Pitre,Campbell
French,Lemaître,Théophile
French,Dodier,Yolette
French,Allard,Amabella
French,Martel,Catherine
French,Daigle,Camille
French,Maheu,Yolette
French,Bisaillon,Guerin
French,Brodeur,Ignace
French,Chalut,Donatien
French,Meunier,Blondelle
French,Chandonnet,Zara
French,Bernier,Nathalie
French,Dufresne,Eleanor
French,Meilleur,Gradasso
French,Auberjonois,Astrid
French,Houle,Laurence
French,Gaulin,Travers
French,Ouellet,Clementine
French,Laisné,Adrien
French,Boivin,Georgette
French,Bisson,Faustin
French,Laboissonnière,Fanchon
French,Marceau,Susanne
French,Artois,Noémi
French,Gosselin,Zerbino
French,Duranseau,Onfroi
French,Senneville,Erembourg
French,Asselin,Talon
French,Faucher,Philippine
French,Théberge,Christian
French,Thibault,Chappell
French,Lamoureux,Brigliador
French,Plante,Burnell
French,Gladu,Paige
French,Binet,Tilly
French,Bernier,Bertrand
French,Senneville,Vedette
French,Alexandre,Avelaine
French,Fecteau,Desire
French,Gendron,Céline
French,Trottier,Matthieu
French,Legault,Davet
French,Lafrenière,Amitee
French,Labonté,Robert
French,Hughes,Angelette
French,Galarneau,Berangaria
French,Dupont,Adrien
French,Courtois,Christine
French,Jomphe,Landers
French,Talon,Virginie
French,Briard,Alexandrie
French,Fontaine,Falerina
French,Givry,Eloise
French,"De La Vergne",Searlas
French,Barjavel,Karel
French,Dumoulin,Minette
French,Lanctot,Anne
French,L'Angelier,Norris
French,Beaujolie,Vedette
French,DeGrasse,Parnella
French,Chesnay,Roux
French,Desnoyer,Georges
French,Boulé,Huon
French,Villeneuve,Calandre
French,Chalifour,Maurice
French,Marquis,Sébastien
French,Brault,Maurice
French,Bondy,Pierrette
French,Bélanger,Aceline
French,Dandonneau,Élodie
French,Guimond,Ninette
French,Côté,Auda
French,Lafrenière,Bartlett
French,Labossière,Arnou
French,Lereau,Fabien
French,Labbé,Raison
French,Hébert,Angelique
French,Lanctot,Lothair
French,Dostie,Valentine
French,Roy,Fortun
French,Deserres,Orva
French,Sorel,Julienne
French,Achin,Édouard
French,Simard,Guillaume
French,Bonsaint,Vivienne
French,Poisson,Peverell
French,Raymond,Anouk
French,Bourgouin,Fabienne
French,Montminy,Forrest
French,Vertefeuille,Joseph
French,Beauchamps,Melodie
French,Mailloux,Agramant
French,L'Angelier,Ophelia
French,Ruais,Platt
French,Duplanty,Grosvenor
French,LeBatelier,Pansy
French,Carignan,Frédérique
French,Vachon,Thierry
French,Charette,Xavierre
French,LaGarde,Bevis
French,Tollmache,Cinderella
French,Sanschagrin,Delmare
French,Pinneau,Gano
French,Boisclair,Ferragus
French,Sauvé,Lirienne
French,Sorel,Rémy
French,Talon,Vail
French,Garnier,Pierpont
French,Gamache,Jacques
French,René,Édouard
French,Langlais,Bradamate
French,Parizeau,Grégoire
French,Givry,Jolie
French,Paulet,Dominique
French,Ménard,Victoire
French,Leroux,Clovis
French,D'Aoust,Alexis
French,Pirouet,Gaston
French,"de Launay",Forrest
French,Blanchard,Pensee
French,Laux,Landers
French,Vallée,Chandler
French,Rivard,Nadine
French,Laliberté,Alain
French,Trudeau,Jolie
French,Parmentier,Henri
French,Houle,Thierry
French,Binet,Cloridan
French,CinqMars,Agathe
French,Aupry,Inès
French,St-Jacques,Mireille
French,Lamour,Jérôme
French,Frappier,Astrid
French,Leroux,Halette
French,Larivière,Florence
French,Desforges,Nathalie
French,Migneault,Amitee
French,Crête,"La Roux"
French,Charrette,Patience
French,Laforest,Roux
French,Côté,Garland
French,Bellemare,Paien
French,Bonnet,Georgette
French,Arcouet,Arianne
French,Massé,Ermengardi
French,CinqMars,Algernon
French,Grandpré,Faustin
French,Lamoureux,Jules
French,Desnoyer,Alfred
French,Pépin,Emmanuelle
French,"de Launay",Bellamy
French,Desjardins,Varden
French,Bonami,France
French,Tougas,Fortun
French,Bernard,Ninette
French,Gadbois,Donatien
French,Bertrand,Sargent
French,Coudert,Louis
French,Quinn,Fletcher
French,Lussier,Florismart
French,Roy,Moore
French,Guay,Avent
French,David,Anouk
French,Duranseau,Thierry
French,Bernard,Nadine
French,Édouard,Fifine
French,Paimboeuf,Cerise
French,Charrette,Verney
French,Guay,Fleur
French,Clément,Étienne
French,Meilleur,Alita
French,Bourgeois,Arnou
French,Hervé,Philippe
French,Labrie,Marc
French,Daviau,Eleanor
French,Lajoie,Eloise
French,Morel,Arber
French,Bouchard,Pénélope
French,Villeneuve,Blondelle
French,Barrette,Calandre
French,Bourdette,Lotye
French,Ruest,Claudette
French,Chartré,Ancelote
French,Goudreau,Genevre
French,Berthiaume,Agrican
French,Langlais,Marveille
French,Desrosiers,Daisi
French,Beauchamp,Raina
French,Paimboeuf,Laurene
French,Neufville,Percy
French,Beaupré,Ranger
French,Paulet,Cinderella
French,Caya,Corette
French,Turgeon,Karel
French,Perrault,Clothilde
French,Gousse,Alaine
French,Faure,Christian
French,Marquis,Mason
French,Pelland,Ogier
French,Tardif,Fiacre
French,Hughes,Olivie
French,Ouellet,Capucine
French,Latourelle,Nathalie
French,Dodier,Moore
French,Trudeau,Pomeroy
French,Leclair,Luce
French,Daviau,Senior
French,Guilmette,Didiane
French,Pomerleau,Saville
French,Moquin,Matthieu
French,Monrency,Esperanza
French,Guay,Angelique
French,Dumoulin,Etoile
French,Deblois,Lowell
French,Trottier,Nicole
French,Audibert,Christophe
French,Plourde,Anouk
French,Bonnet,Flordelis
French,"Du Trieux",Pascal
French,Vachon,Jessamine
French,Paiement,Avice
French,Authier,Fauna
French,Denis,Gaetane
French,Godin,Honoré
French,Joly,Manon
French,Potvin,Vallis
French,Franchet,Coralie
French,Cotuand,Armand
French,Thivierge,Honore
French,Devost,Colette
French,Caouette,Alice
French,L'Angelier,Fanette
French,Plaisance,Royce
French,Duranseau,Harbin
French,Charron,Platt
French,Rancourt,Satordi
French,Brian,Eloise
French,Lapointe,Pinabel
French,Fortier,Aiglentina
French,Crête,Orva
French,Chastain,Russell
French,Lamare,Durandana
French,Begin,Tearlach
French,Fugère,Fanchon
French,Patenaude,Marlon
French,Gougeon,Gabriel
French,Pouliotte,Renée
French,Laforest,Telford
French,Boileau,Auriville
French,Despins,Benjamin
French,Marceau,Anton
French,Courtois,Suzette
French,Garcia,Aubine
French,Batard,Mignonette
French,Marier,Gilles
French,Brodeur,Gay
French,Gour,Saber
French,Pirouet,Honore
French,Guibord,Searlas
French,Cantin,Danielle
French,Bonami,Eleanor
French,Jodoin,Garland
French,Dumoulin,Manville
French,Vaillancourt,Laurette
French,Landry,Annot
French,Dubois,Crescent
French,Bousquet,Turner
French,Hachée,Norris
French,L'Heureux,Dominique
French,Simard,Orson
French,Ouellet,Gaetan
French,Durand,Pénélope
French,"De La Vergne",Diane
French,Rousseau,Adèle
French,Deblois,Tearlach
French,Lemieux,Javier
French,Drouin,Madelene
French,Lavoie,Marcel
French,Lauzier,Fantina
French,Croteau,Tempeste
French,Brousse,Clarimunda
French,Duclos,Fusberta
French,Soucy,Monique
French,Clavette,Burnell
French,Desilets,Marguerite
French,Sansouci,Louise
French,Guérette,Solaine
French,Blanc,Mariette
French,Bonnet,Pierpont
French,Lamothe,Marmion
French,Mailloux,Quincy
French,Gervais,Zacharie
French,Salmons,Royale
French,Brault,Louis
French,Racine,Nicolas
French,Brunault,Germain
French,Rochefort,Laure
French,Labonté,Forrest
French,Primeau,Brice
French,Begin,Agate
French,Michaud,Emmeline
French,Drouin,Dexter
French,Pinneau,Antoine
French,Lazure,Louis
French,Cadieux,Lotye
French,Lajeunesse,Cendrillon
French,Meilleur,Anne
French,DuLin,Ignace
French,"De La Ronde",Clementine
French,Lemaître,Belisarda
French,Bolduc,Marguerite
French,Desilets,Arienne
French,Martel,Victoire
French,Faure,Garland
French,Adler,Roland
French,Langelier,Audric
French,Théberge,Percy
French,Quiron,Ogier
French,Labrecque,Arlette
French,Ruais,Jacqueline
French,Sarrazin,Normand
French,Lacasse,Élodie
French,Monjeau,Bellamy
French,Laframboise,Millard
French,Couture,Yvon
French,L'Heureux,Mireille
French,Nadeau,Charline
French,Sauvé,Ignace
French,Paquette,Bruce
French,Senneville,Falerina
French,Durepos,Vignette
French,Quenneville,Joséphine
French,Sacré,Denise
French,Paquette,Inès
French,Chrétien,Laetitia
French,Charpentier,Raina
French,Lereau,Agrican
French,René,Laurent
French,Cantin,Pomeroy
French,Blais,Bayard
French,Duval,Gill
French,Barjavel,Leal
French,Tessier,Maurelle
French,Avare,Aceline
French,Bisaillon,Cendrillon
French,Gaillard,Byron
French,Charron,Brunella
French,Aupry,Théodore
French,Desrosiers,Joséphine
French,Panetier,Tabor
French,Gauvin,Constance
French,Dubé,Michel
French,Montminy,Auguste
French,Laforest,Florismart
French,Brochu,Philip
French,Chandonnet,Mercer
French,Martin,Arnaude
French,Gagnon,Lance
French,Couet,Jessamine
French,L'Anglais,Kerman
French,Lavallée,Martine
French,Dennis,Elita
French,Étoile,Christabel
French,Carignan,Jewel
French,Charron,Aiglentina
French,Tanguay,Phillipa
French,Therrien,Creissant
French,Grandpré,Dominic
French,Gagné,Clémence
French,"de Chateaub",Benjamin
French,Montminy,Yves
French,Bazinet,Leroy
French,Cadieux,Christine
French,Royer,Manville
French,Givry,Romaine
French,Quirion,Fayme
French,Giguère,Ophelia
French,Cuillerier,Aubrey
French,Vallée,Zdenek
French,Miron,Cendrillon
French,Jodoin,Ernest
French,Lamothe,Oriel
French,Bergeron,Jérôme
French,Bérubé,Ernest
French,Bisaillon,Amaury
French,"de Chateaub",Brier
French,Deschênes,Avelaine
French,Guibord,Vachel
French,Arnoux,Dexter
French,Berie,Cheney
French,Pariseau,Clémence
French,Lauzier,Onfroi
French,Benoit,Blondelle
French,Sabourin,Zerbino
French,Morneau,Octave
French,Dubois,Alexandrie
French,Moïse,Aubrey
French,Labrie,Christine
French,Sanschagrin,Laure
French,Lebrun,Astrid
French,Bussière,Melusina
French,Dubé,Bernard
French,Doucet,Véronique
French,Marchesseault,Russell
French,Miron,Onfroi
French,Morneau,Aloin
French,Baron,Brice
French,Brousseau,Corette
French,Truchon,Anastasie
French,Benoit,Charline
French,Melanson,Leal
French,Forest,Ambra
French,Souplet,Leroy
French,Bouvier,William
French,Étoile,Ambra
French,"De La Ronde",Suzette
French,Laurent,Corinne
French,Brasseur,Turner
French,Desaulniers,Patrick
French,Grandpré,Jean
French,Beaujolie,Astolpho
French,Fournier,Pauline
French,Chastain,Adélaïde
French,Mazuret,Philippine
French,Bouvier,Michèle
French,Guérette,Beaufort
French,D'Avis,Royale
French,Archambault,Fantina
French,Casgrain,Anaïs
French,St-Jacques,Auda
French,Meilleur,Thomas
French,Béland,Solaine
French,Mercure,Harriette
French,Beaulé,Timothée
French,Beaulé,Forrest
French,Duranseau,Villette
French,Deblois,Paulette
French,Huot,Armand
French,Montminy,Tyson
French,Saindon,Jeannine
French,Mazuret,Troy
French,Perreault,Tempeste
French,Bonenfant,Hélène
French,Plante,Archaimbau
French,Sauvé,Sennet
French,Frappier,Grégoire
French,St-Jean,Marshall
French,Provencher,Nadine
French,Descoteaux,Marjolaine
French,Petit,Blondelle
French,Laliberté,Toussaint
French,Hétu,Mason
French,Hervé,Garland
French,Tachel,Michel
French,Babin,Patricia
French,Cartier,Etoile
French,Brasseur,Danielle
French,Garreau,Bevis
French,Grimard,Alexandrie
French,Lamoureux,Verrill
French,Édouard,Bellamy
French,Bourgeau,Arber
French,Miron,Gaston
French,Bizier,Esmeraude
French,Auberjonois,Gaetane
French,Veronneau,Travers
French,Varieur,Sylvie
French,Auger,Maslin
French,Jodoin,Damiane
French,Veilleux,Nicolette
French,Dubeau,Patience
French,Pelletier,Zerbino
French,Lacroix,David
French,Guernon,Aimé
French,Bousquet,Geneviève
French,Fongemie,Beaufort
French,Bourdette,Brigliador
French,Béland,Mason
French,Souplet,France
French,Gaillou,Mirabelle
French,Saucier,Zacharie
French,Henrichon,Thibaut
French,Paulet,Senapus
French,Tétrault,Harcourt
French,Quenneville,Fleurette
French,"de Launay",Marjolaine
French,Roux,Olivier
French,Beaudouin,Orane
French,Dostie,Élise
French,Davignon,Noël
French,Langelier,Dominic
French,Pomerleau,Marveille
French,LaGrande,Pensee
French,Leduc,Marcelle
French,Trudeau,Albracca
French,Jalbert,Ila
French,Chaloux,Roland
French,Bonami,Manon
French,Barteaux,Manville
French,Chouinard,Clarice
French,Blais,Peverell
French,Bler,Gilbert
French,Dufresne,Adrien
French,Collin,Vedette
French,Brousseau,Corette
French,Gougeon,Nanna
French,Deserres,Jolie
French,Déziel,Brigitte
French,Ruest,Fealty
French,Lemelin,Agramant
French,Desilets,Marveille
French,Bérard,Aya
French,Boivin,Artus
French,Laframboise,Beaufort
French,DeGrasse,Aimée
French,Benjamin,Noël
French,Truchon,Perrin
French,Cormier,Lucas
French,Mireault,Musette
French,"De La Ronde",Robinette
French,Rouze,Gustave
French,Melanson,Dominic
French,Bouvier,Julien
French,Ayot,Valentine
French,Foucault,Burnell
French,Carignan,Pomeroy
French,Mercier,Clémence
French,Labbé,Gaspar
French,Beaudoin,Gemma
French,Devoe,Hugh
French,Cliche,Donat
French,Petit,Édith
French,Richard,Amedee
French,Auberjonois,Delmare
French,Doyon,Elita
French,Paquin,Olivier
French,Goulet,Constance
French,Berthiaume,Théodore
French,Berie,Vallis
French,Mainville,Chappell
French,Lachapelle,Patience
French,Cartier,Medoro
French,Barrientos,Troy
French,Garceau,Agnès
French,Huard,Montague
French,Duranseau,Aymon
French,Descoteaux,Auda
French,Meilleur,Jeanette
French,Potvin,Élisabeth
French,Pelland,Romain
French,Lépicier,Prunella
French,Marchesseault,Searlait
French,Jardine,Perrin
French,Courtemanche,Emmeline
French,Saurel,Marc
French,D'Avis,Théodore
French,Ducharme,Hugues
French,Bourassa,Pierpont
French,Fecteau,Florus
French,Grandpré,Coralie
French,Gougeon,Faustin
French,Parrot,Yvette
French,Cyr,Blanchefle
French,Guertin,Hedvige
French,Sirois,Nouel
French,Dupuis,Adrien
French,Beauchemin,Favor
French,Pouchard,Melodie
French,Fresne,Danielle
French,Brunault,Adrien
French,Baril,Delphine
French,Jolicoeur,Talbot
French,Villeneuve,Alacoque
French,Desroches,Burnell
French,Fresne,Latimer
French,Dennis,Robinette
French,Poirier,Avril
French,Gareau,Quennel
French,Tanguay,Nicolas
French,Gagnon,Adorlee
French,Lavoie,Eloise
French,Paradis,Pierre
French,Grandbois,Frédérique
French,Doucet,Grosvenor
French,Austin,Olivier
French,Cartier,Gustave
French,Lazure,Chappell
French,Giroux,Carine
French,Jalbert,Albertine
French,Vallée,Ormazd
French,Gaudreau,Yvon
French,Hughes,Germain
French,Dumoulin,Varden
French,Parenteau,Senior
French,Renaud,Blondelle
French,Gamelin,Bertrand
French,Tougas,Victorine
French,Laboissonnière,Mavise
French,Faure,Pensee
French,Narcisse,Wyatt
French,Paré,Crescent
French,Rivière,Vick
French,Guay,Clovis
French,Coulombe,Josette
French,Lacharité,Marc
French,Lessard,Raina
French,Bélanger,Travers
French,Bélanger,Aurore
French,Garnier,Eglantine
French,Pomerleau,Louis
French,Brousseau,Brigliador
French,"Du Trieux",Arnaud
French,Mailloux,Latimer
French,Lacroix,Roland
French,Garreau,Annette
French,Guilmette,Marcelle
French,Bélanger,Yves
French,Brousseau,Fanette
French,Duplanty,Aubrey
French,Garceau,Denis
French,Masson,Turner
French,Gervais,Oriel
French,Marois,Javier
French,Maheu,Rive
French,Beauchesne,Arlette
French,Lemelin,Logistilla
French,Raymond,Claire
French,Grignon,Blanchefle
French,Fongemie,Soren
French,Galarneau,Annette
French,Plante,Dalmace
French,Chassé,Eliot
French,Blanchard,Norris
French,Pelland,Quincy
French,Quinn,Peverell
French,Bondy,Galatee
French,Arsenault,Nicole
French,Saucier,Charles
French,Monrency,Roch
French,Lanoie,Delmar
French,Duplessis,Michel
French,Proulx,Melodie
French,Legault,Cloridan
French,Adler,Gaetane
French,Drouin,Saville
French,Senneville,Slainie
French,Charlesbois,Thiery
French,Mireault,Gay
French,Marcoux,Hardouin
French,Chouinard,Odelette
French,Roy,Marjolaine
French,Batard,Musette
French,Douffet,Aubrey
French,Chastain,Curtis
French,Beaulieu,Saber
French,Barrette,Channing
French,Tardif,Searlas
French,Rochon,Pomeroy
French,St-Pierre,Antoine
French,Brian,Eustache
French,Goddu,Jeoffroi
French,Bordeaux,Norris
French,Ricard,Sydney
French,Côté,Javier
French,Dandonneau,Moore
French,Allaire,Clarimunda
French,Bériault,Tyson
French,Chaloux,Yvette
French,Mathieu,Joséphine
French,Mathieu,Antoine
French,Pouchard,Carine
French,Franchet,Falerina
French,Grondin,Cécile
French,Racicot,Serge
French,Houde,Gauthier
French,Lereau,Pierpont
French,Franchet,Louis
French,Renaud,Rive
French,Ruest,Nadine
French,Daoust,Gemma
French,Parmentier,Karlotta
French,Morneau,Édith
French,Vaillancour,Hardouin
French,Aubin,Wyatt
French,Lavoie,Vick
French,Dubois,Alice
French,Couturier,Jérôme
French,Faucher,"La Roux"
French,Fluet,Gilbert
French,Paiement,Flordelis
French,Legault,Paien
French,Bourgouin,Mayhew
French,Chicoine,Joséphine
French,Couture,Aiglentina
French,Thivierge,Mireille
French,Lazure,Orva
French,Couture,Royale
French,Bizier,Laure
French,Laberge,Jeanette
French,Durand,Virginie
French,Desruisseaux,Christien
French,Bourgouin,Amélie
French,Gladu,Alexis
French,Rossignol,Margaux
French,Leduc,Annette
French,Trudeau,Yolette
French,Bilodeau,Aya
French,Sauriol,Simone
French,Beausoleil,Byron
French,Lapointe,Fabienne
French,Bernard,"La Roux"
French,Plouffe,Carole
French,Lemaître,Slainie
French,Deblois,Maurice
French,Asselin,Landers
French,Bourget,Emmeline
French,Brisebois,Émile
French,Ruais,Stéphanie
French,Bériault,Ogier
French,Quinn,Vallis
French,Lampron,Cheney
French,Grivois,Lotye
French,Alexandre,Ernest
French,Leblanc,Caresse
French,Aubin,Gabrielle
French,Parmentier,Avril
French,Charbonneau,Gano
French,Garceau,Éléonore
French,Lacroix,Ormazd
French,Douffet,Apolline
French,Poissonnier,Arlette
French,Frappier,Olivie
French,Rousseau,Aubert
French,Cliche,Trinette
French,Chartré,Amarante
French,Leroux,Alexis
French,Blanc,Adrienne
French,Vadnais,Pryor
French,Tougas,Marcelle
French,Quiron,Burrell
French,Devost,Paige
French,Duperré,Gaston
French,Parent,Nicolas
French,Beauchamps,Aubrette
French,Riquier,Adrien
French,Léveillé,Ninette
French,Gougeon,Marcelle
French,Narcisse,Noelle
French,Pelland,Christabel
French,Allard,Vincent
French,Poisson,Arridano
French,Sansouci,Cinderella
French,Rousseau,Eglantine
French,Sanschagrin,Agrican
French,Lanctot,David
French,Coudert,Prewitt
French,Jetté,Garland
French,Boncoeur,Audrey
French,Duranseau,Paige
French,Echeverri,Audrey
French,Arcouet,Colette
French,Desruisseaux,Algernon
French,Deblois,Huon
French,Ruest,Adorlee
French,Gamelin,Searlas
French,Mathieu,Calandre
French,Masson,Esmeraude
French,Mailly,Quennel
French,Mailloux,Burnell
French,Potvin,Lucas
French,Chassé,Merlin
French,Jardine,Jesper
French,Tisserand,Patrice
French,L'Hiver,Fleur
French,Gladu,Phillipa
French,Vertefeuille,Berangaria
French,Bazinet,Zdenek
French,Thibault,Maurelle
French,Abril,Galatee
French,Chartier,Denis
French,Courtemanche,Chapin
French,Pichette,Alexandrin
French,Fontaine,Charmaine
French,Lamothe,Scoville
French,Rousseau,Julienne
French,Pépin,Jeanette
French,Fortin,Édouard
French,St-Jacques,Felicienne
French,Charlebois,Noël
French,Bienvenue,Corette
French,Galarneau,Zdenek
French,Boulé,Audric
French,Gareau,Cosette
French,Fecteau,Cher
French,Vincent,Thiery
French,Lanoie,Fletcher
French,Lambert,Capucine
French,Brisette,Calandre
French,Sarrazin,Élise
French,Pinneau,Gauthier
French,Quinn,Marlon
French,Bonami,Lance
French,Bler,Astrid
French,Lamoureux,Jewel
French,Duplanty,Ferrau
French,Perrault,Jessamine
French,Durepos,Vick
French,Garnier,Alaine
French,Trudeau,Eliot
French,Beauchamps,Aimée
French,Corbeil,Demi
French,Gousse,Annette
French,"de Launay",Tilly
French,Jardine,Vivienne
French,Quiron,Esperanza
French,Bonnet,Talon
French,Jacques,Maslin
French,Gregoire,Valérie
French,Lafrenière,Linette
French,Pépin,Timothée
French,Laisné,Ancelina
French,Lizotte,Bartlett
French,Riquier,Pinabel
French,"De La Vergne",Malagigi
French,Busson,Rule
French,Vaillancourt,Zdenek
French,Hervieux,Clémence
French,Plourde,Methena
French,Théberge,Gano
French,Hervieux,Dominique
French,Thivierge,Susanne
French,LaGarde,Alexandrin
French,Pelland,Jacqueline
French,Pelland,Aubin
French,Chesnay,Marveille
French,Lereau,Benoît
French,Sciverit,Maurice
French,Bilodeau,Bruno
French,Caisse,Dixie
French,Faubert,Guerin
French,Lamarre,Peppin
French,Dupuis,Agnès
French,D'Aubigné,Gilbert
French,L'Heureux,Peppin
French,Bériault,Peverell
French,Moquin,Malagigi
French,Morel,Fayette
French,Ruel,Mason
French,Lemelin,Théodore
French,Croteau,Brigitte
French,Ruais,Tempeste
French,Chabot,Algernon
French,Turcotte,Corinne
French,D'Avis,Émilie
French,Duplessis,Ranger
French,Charron,Garland
French,Chaloux,Methena
French,David,Josephe
French,Hébert,Vick
French,Parmentier,Gradasso
French,Émond,Channing
French,Robert,Dexter
French,Cloutier,Gaetane
French,Lamoureux,Lothair
French,Cousteau,Orville
French,Boisvert,Anaïs
French,Desjardins,Kerman
French,Fontaine,Armand
French,Leduc,Gano
French,Bonneville,Amber
French,Cantin,Yolande
French,LaGrande,Christelle
French,Barrière,Isaac
French,Poirier,Patrice
French,Labrosse,Seymour
French,Couturier,Henri
French,Meilleur,Jeanne
French,Bisaillon,Amabella
French,Narcisse,Zerbino
French,Chartier,Falerina
French,Salois,Alexis
French,Duval,Victoire
French,Quessy,Fleurette
French,Labelle,André
French,Lanoie,Gradasso
French,Rouleau,Falerina
French,Guertin,Adrienne
French,Courtemanche,Agate
French,Senneville,Yolande
French,Lemaître,Millard
French,Lapierre,Searlait
French,Pichette,Beaufort
French,L'Heureux,Carole
French,Durand,Éléonore
French,Paulet,Philippine
French,Neufville,Jérôme
French,Cadieux,Orville
French,Garreau,Charlot
French,Pomerleau,Tanguy
French,Chabot,Eugenia
French,Beaulieu,Scoville
French,Lajoie,Marjolaine
French,Favreau,Faye
French,L'Hiver,Sébastien
French,Bellefeuille,Maureen
French,Bilodeau,Fanette
French,Lajeunesse,Barry
French,"de Launay",Searlait
French,Goguen,Searlas
French,Caisse,Gaetan
French,Bonsaint,Jérôme
French,Gaillou,Xavier
French,Hébert,Pansy
French,Chastain,Harcourt
French,Grondin,Grosvenor
French,Bellefeuille,Mathilde
French,Beauchesne,Éléonore
French,Austin,Chapin
French,Doyon,Eugenia
French,Béland,Dominic
French,Deschamps,Peverell
French,Pouchard,Henri
French,Champagne,Xavier
French,Chevrette,Susanne
French,Doyon,Orson
French,Blanc,Isaac
French,Boulé,Ormazd
French,Hachée,Simone
French,Boisvert,Villette
French,Poissonnier,Yolande
French,Pariseau,Élisabeth
French,Béland,Mireille
French,Garcia,Onfroi
French,Beaulieu,Guy
French,Patel,Brice
French,Lamontagne,Bartlett
French,Hétu,Donat
French,Cadieux,Methena
French,Lamontagne,Roux
French,Côté,Alexandrie
French,Marseau,Brie
French,Parenteau,Barry
French,Paquin,Quincy
French,Boucher,Huon
French,Dupuis,Millicent
French,Leclerc,Clarice
French,Turgeon,Bruno
French,Dupuy,Ferrau
French,Lizotte,Armand
French,Quessy,Roux
French,Melanson,Édouard
French,Riquier,Javier
French,Carignan,Joy
French,Bousquet,Pascaline
French,Lajeunesse,Anouk
French,Paquin,Clarimunda
French,Latourelle,Jeanne
French,Gaudreau,Mallory
French,Beauchamp,Stéphanie
French,Fréchette,Charles
French,Lamy,Roslyn
French,Boivin,Warrane
French,Desruisseaux,Germain
French,Rivard,Creissant
French,Grondin,Gallia
French,Ruel,Orville
French,Avare,Peverell
French,Labrecque,Belle
French,Doiron,Amabella
French,Lagrange,Anton
French,Bussière,Mayhew
French,Vaillancour,Carine
French,Bolduc,Huette
French,Douffet,Jacqueline
French,Méthot,Neville
French,Girard,Laetitia
French,Douffet,Arno
French,Tougas,Orville
French,Denis,Aubine
French,Charron,Paulette
French,Jardine,Marcel
French,Desforges,William
French,Simon,Florence
French,Lefèbvre,Merlin
French,Audibert,Bernard
French,Devost,Christiane
French,Batard,Guy
French,Mouet,Vivienne
French,Jolicoeur,Lothair
French,Crête,Ignace
French,Dupuis,Crescent
French,Boucher,Zoé
French,Dubeau,Nouel
French,Deblois,Victorine
French,Chauvet,Marmion
French,Riel,Arnaud
French,Lanteigne,Marguerite
French,Houle,Camille
French,Leroy,Martin
French,Allain,Fortun
French,Desforges,Musette
French,Jodion,Laurette
French,L'Angelier,Laurene
French,L'Angelier,Beaufort
French,Patel,Christien
French,Mothé,Emmeline
French,Cinq-Mars,Melville
French,Huard,Liane
French,Cressac,Amedee
French,Chrétien,Nicholas
French,Gauthier,Iva
French,Bourget,Vaden
French,Berthelette,Grégoire
French,Poulin,Aimé
French,Marleau,Blanche
French,Mouet,Onfroi
French,Deniger,Brice
French,Beauchamps,Aubrey
French,Corbin,Loring
French,Dupont,Fitz
French,Croquetaigne,Ferragus
French,L'Heureux,Manon
French,Lamarre,Bernadette
French,Roux,Florence
French,Rossignol,Amber
French,Desaulniers,Rabican
French,Berger,Jeoffroi
French,Brousseau,Arnaud
French,Lesage,Valentine
French,DeGrasse,Blanchefle
French,Sabourin,Verney
French,Parizeau,Zerbino
French,L'Heureux,Cher
French,Desrosiers,Seymour
French,Beausoleil,Claude
French,Charlebois,Jewel
French,Courcelle,Genevre
French,Arcouet,David
French,Beauchesne,Nicolas
French,Parent,Peverell
French,Duffet,Amber
French,Léveillé,Bevis
French,Lachance,Babette
French,Charlesbois,Lotye
French,Saurel,Jewel
French,Reault,Aiglentina
French,Meunier,Sumner
French,"Des Meaux",Cammile
French,Ailleboust,"La Roux"
French,Audibert,Brigitte
French,Benoit,Fabrice
French,Beaudry,Gilbert
French,Beauchamps,Yolande
French,Jomphe,Gilbert
French,Tétrault,Burrell
French,Lacharité,Merle
French,Labonté,Hardouin
French,Vadeboncoeur,Annot
French,Bernard,Serge
French,Bériault,Joanna
French,Lagacé,Aimée
French,Huppé,Moore
French,St-Jean,Sylvie
French,Vallée,Gabrielle
French,Sylvain,Mariette
French,Gladu,Mandel
French,Gaillard,Sumner
French,Guérette,Sidney
French,Hétu,Paien
French,Thivierge,Jessamine
French,Course,Inès
French,Gosselin,Kari
French,Charpentier,Eliot
French,Goguen,Bevis
French,Michel,Germaine
French,Lejeune,Leroy
French,Charbonneau,Amitee
French,Caouette,Rémy
French,Chrétien,Emmeline
French,Bélanger,Galatee
French,Beausoleil,Chantal
French,Charrette,Olivier
French,Gingras,Platt
French,Parent,Isabelle
French,CinqMars,Wyatt
French,Grandpré,Roxanne
French,Ruel,Zacharie
French,Guibord,Hamilton
French,Rossignol,Didier
French,St-Jacques,Arlette
French,Berthiaume,Gifford
French,Lalonde,Élisabeth
French,Dastous,Royden
French,Chabot,Amitee
French,Narcisse,Sargent
French,Trottier,Ogier
French,Chauvin,Arno
French,Chenard,Georgette
French,Léveillé,Capucine
French,Auger,Quincy
French,Binet,Sébastien
French,DeGrasse,Dominic
French,Martin,Leone
French,Clavet,Ferragus
French,Laux,Aimé
French,Douffet,Louis
French,Labbé,Apolline
French,Martin,Zerbino
French,Sorel,Mavise
French,Lalonde,Pauline
French,Riel,Serge
French,Jodoin,Julien
French,Sylvain,Amber
French,Thibault,Merlin
French,Roux,Telford
French,Quessy,Solaine
French,Bourque,Dominic
French,Labrosse,France
French,Robitaille,Étienne
French,Doiron,Marthe
French,Narcisse,Searlas
French,Caisse,Nicolas
French,"Des Meaux",Adrienne
French,Bolduc,Fauna
French,Sauriol,Mason
French,Fremont,Aloin
French,Patry,Laurence
French,DeGrasse,Royale
French,Laboissonnière,Antoine
French,Vaillancour,Thiery
French,"Des Meaux",Pensee
French,Leroux,Archard
French,LeBatelier,Alexis
French,Lessard,Clovis
French,Corbeil,Alacoque
French,Avare,Marcelle
French,Mouet,Legget
French,Rochon,Gay
